{
    "Cidade": [
        -29.6963146,
        -53.7876281
    ],
    "S\u00e3o Francisco do Sul/SC": [
        -26.2302457,
        -48.6270612
    ],
    "Botuver\u00e1/SC": [
        -27.1990695,
        -49.0726471
    ],
    "GUABIRUBA": [
        -27.0864326,
        -48.9781319
    ],
    "Nova Trento/SC": [
        -27.2862616,
        -48.9302652
    ],
    "JOINVILLE": [
        -26.3044898,
        -48.8486726
    ],
    "Brusque/SC": [
        -27.0964628,
        -48.9136323
    ],
    "JARAGU\u00c1 DO SUL": [
        -26.4897432,
        -49.0778063
    ],
    "Florian\u00f3polis/SC": [
        -27.6649636,
        -48.4786581
    ],
    "Barra Velha/SC": [
        -26.6338203,
        -48.6835001
    ],
    "Guabiruba/SC": [
        -27.0864326,
        -48.9781319
    ],
    "BARRA VELHA": [
        -26.6338203,
        -48.6835001
    ],
    "Itaja\u00ed/SC": [
        -26.9760133,
        -48.6373691
    ],
    "Jaragu\u00e1 do Sul/SC": [
        -26.4897432,
        -49.0778063
    ],
    "Joinville/SC": [
        -26.3044898,
        -48.8486726
    ],
    "GUARAMIRIM": [
        -26.4744805,
        -48.9981151
    ],
    "Guaramirim/SC": [
        -26.4744805,
        -48.9981151
    ],
    "Bombinhas/SC": [
        -27.1519159,
        -48.4875691
    ],
    "Schroeder/SC": [
        -26.411571,
        -49.074041
    ],
    "MASSARANDUBA": [
        -26.610868,
        -49.005351
    ],
    "Blumenau/SC": [
        -26.8998038,
        -49.0982989
    ],
    "GASPAR": [
        -26.9307306,
        -48.9566824
    ],
    "Navegantes/SC": [
        -26.8898813,
        -48.6495828
    ],
    "Timb\u00f3/SC": [
        -26.8282737,
        -49.270641
    ],
    "Capinzal/SC": [
        -27.3440651,
        -51.6110403
    ],
    "Vidal Ramos/SC": [
        -27.3908814,
        -49.3615664
    ],
    "Curitiba/PR": [
        -25.41651,
        -49.2646701
    ],
    "Massaranduba/SC": [
        -26.610868,
        -49.005351
    ],
    "Corup\u00e1/SC": [
        -26.4267153,
        -49.24747
    ],
    "Jaragu\u00e1 do Sul-SC": [
        -26.4897432,
        -49.0778063
    ],
    "Matinhos/PR": [
        -25.8187096,
        -48.534204
    ],
    "Bra\u00e7o do Norte/SC": [
        -28.2728633,
        -49.1622712
    ],
    "Maj. Gercino/SC": [
        -27.419236,
        -48.94878
    ],
    "Balne\u00e1rio Cambori\u00fa/SC": [
        -26.9760133,
        -48.6373691
    ],
    "Rio Negrinho/SC": [
        -26.259075,
        -49.517746
    ],
    "Pomerode/SC": [
        -26.7356218,
        -49.1770095
    ],
    "Porto Belo/SC": [
        -27.1542415,
        -48.5424395
    ],
    "Pres. Get\u00falio/SC": [
        -26.8447922,
        -53.5772322
    ],
    "Araquari/SC": [
        -26.3703324,
        -48.7210994
    ],
    "FLORIAN\u00d3POLIS": [
        -27.5973002,
        -48.5496098
    ],
    "S\u00e3o Bento do Sul/SC": [
        -26.2483669,
        -49.3820672
    ],
    "Penha/SC": [
        -26.775418,
        -48.6465251
    ],
    "Itapema/SC": [
        -27.09472,
        -48.6137778
    ],
    "S\u00e3o Jos\u00e9/SC": [
        -27.6157733,
        -48.6276491
    ],
    "BLUMENAU": [
        -26.9195567,
        -49.0658025
    ],
    "S\u00e3o Jos\u00e9 dos Pinhais/PR": [
        -25.5241063,
        -49.1004725
    ],
    "Ipua\u00e7u/SC": [
        -26.6349873,
        -52.4555915
    ],
    "BRUSQUE": [
        -27.0964628,
        -48.9136323
    ],
    "Tubar\u00e3o/SC": [
        -28.471488,
        -49.014132
    ],
    "Leoberto Leal/SC": [
        -27.5071209,
        -49.2871979
    ],
    "Balne\u00e1rio Barra do Sul/SC": [
        -26.459842,
        -48.6061471
    ],
    "Tijucas do Sul/PR": [
        -25.9273376,
        -49.179265
    ],
    "Luiz Alves/SC": [
        -26.7118577,
        -48.9126756
    ],
    "Itapo\u00e1/SC": [
        -26.1162431,
        -48.6180177
    ],
    "Joinville": [
        -26.3044898,
        -48.8486726
    ],
    "Palho\u00e7a/SC": [
        -27.6480349,
        -48.6676578
    ],
    "Leoberto Leal-SC": [
        -27.5071209,
        -49.2871979
    ],
    "Guabiruba-SC": [
        -27.0864326,
        -48.9781319
    ],
    "Timb\u00f3-SC": [
        -26.8282737,
        -49.270641
    ],
    "Capinzal-SC": [
        -27.3440651,
        -51.6110403
    ],
    "Balne\u00e1rio Cambori\u00fa-SC": [
        -26.9760133,
        -48.6373691
    ],
    "Ipua\u00e7u-SC": [
        -26.6349873,
        -52.4555915
    ],
    "Joinville-SC": [
        -26.3044898,
        -48.8486726
    ],
    "Brusque-SC": [
        -27.0964628,
        -48.9136323
    ],
    "Penha-SC": [
        -26.775418,
        -48.6465251
    ],
    "Barra Velha-SC": [
        -26.6338203,
        -48.6835001
    ],
    "Itaja\u00ed-SC": [
        -26.9760133,
        -48.6373691
    ],
    "Vidal Ramos-SC": [
        -27.3908814,
        -49.3615664
    ],
    "Massaranduba-SC": [
        -26.610868,
        -49.005351
    ],
    "Balne\u00e1rio Pi\u00e7arras-SC": [
        -26.7638889,
        -48.6716667
    ],
    "Cambori\u00fa-SC": [
        -26.9760133,
        -48.6373691
    ],
    "S\u00e3o Bento do Sul-SC": [
        -26.2483669,
        -49.3820672
    ],
    "Indaial-SC": [
        -26.8901747,
        -49.2416736
    ],
    "Guaramirim-SC": [
        -26.4744805,
        -48.9981151
    ],
    "Pte. Serrada-SC": [
        null,
        null
    ],
    "Bela Vista do Toldo-SC": [
        -26.274625,
        -50.466354
    ],
    "Palmitos-SC": [
        -27.0711023,
        -53.1596594
    ],
    "Corup\u00e1-SC": [
        -26.4267153,
        -49.24747
    ],
    "Imbituba-SC": [
        -28.241827,
        -48.6643444
    ],
    "Schroeder-SC": [
        -26.411571,
        -49.074041
    ],
    "Itapema-SC": [
        -27.09472,
        -48.6137778
    ],
    "S\u00e3o Jo\u00e3o Batista-SC": [
        -27.277547,
        -48.8496101
    ],
    "Mafra-SC": [
        -26.1150943,
        -49.8035982
    ],
    "Rio Negrinho-SC": [
        -26.259075,
        -49.517746
    ],
    "Balne\u00e1rio Barra do Sul-SC": [
        -26.459842,
        -48.6061471
    ],
    "Imbuia-SC": [
        -27.49082,
        -49.421766
    ],
    "Florian\u00f3polis-SC": [
        -27.6649636,
        -48.4786581
    ],
    "Araquari-SC": [
        -26.3703324,
        -48.7210994
    ],
    "Maj. Gercino-SC": [
        -27.419236,
        -48.94878
    ],
    "Uni\u00e3o da Vit\u00f3ria-PR": [
        -26.228596,
        -51.0869796
    ],
    "Vargem Bonita-SC": [
        -27.005456,
        -51.740238
    ],
    "LUIZ ALVES": [
        -26.7118577,
        -48.9126756
    ],
    "Gaspar/SC": [
        -26.9307306,
        -48.9566824
    ],
    "Indaial/SC": [
        -26.8901747,
        -49.2416736
    ],
    "Garuva/SC": [
        -26.0294904,
        -48.8545202
    ]
}